{
    "entity" : {
        "iType" : "ScholasticClass",
        "@id" : "%{classId}",
        "@type" : "CLASS",
        "name" : "%{className}",
        "dateModified" : 0,
        "applicationId" : "SLMS",
        "siteId" : "%{siteId}",
        "jvmId" : "sam-app001",
        "ownerId" : "%{schoolId}",
        "displayName" : "%{className}",
        "ownerType" : "school",
        "studentIds" : [ 
        ],
        "teacherIds" : [ 
        ],
        "gradeLevel" : [ 
            "1", 
            "2", 
            "3", 
            "4", 
            "5", 
            "6", 
            "K", 
            "PK"
        ],
        "appIds" : [ 
            "E3D", 
            "R180U", 
            "SPI", 
            "SRI"
        ],
        "description" : null,
        "properties" : null,
        "extensions" : null,
        "dateCreated" : 0
    }
}