{
    "entity" : {
        "iType" : "ScholasticPerson",
        "@id" : "%{studentId}",
        "@type" : "USER",
        "name" : "%{first} %{last}",
        "dateModified" : 0,
        "applicationId" : "SLMS",
        "siteId" : "%{siteId}",
        "jvmId" : "sam-app001",
        "personId" : "%{studentId}",
        "firstName" : "%{first}",
        "lastName" : "%{last}",
        "gradeLevel" : "%{grade}",
        "classId" : null,
        "roles" : [ 
            "%{role}"
        ],
        "userType" : "%{role}",
        "userState" : "CREATED",
        "userStatus" : null,
        "description" : null,
        "properties" : null,
        "extensions" : null,
        "dateCreated" : 0
    }
}